INSERT INTO accounts (account_id, created_at)
VALUES
('018e3642-86c6-77f0-82ea-e29a22f67431', '2024-01-10 12:00:00'),
('018e3642-86c6-7c6c-8b1a-59fa0d0613e6', '2024-01-10 12:00:00'),
('018e3642-86c6-73c3-bec3-96f1a69a0278', '2024-01-10 12:00:00'),
('018e3642-86c6-7f29-8eb6-89f301628694', '2024-01-10 12:00:00'),
('018e3642-86c6-7438-a439-e6f457a16d97', '2024-01-10 12:00:00'),
('018e3642-86c6-78c2-9b95-78933a989d36', '2024-01-10 12:00:00'),
('018e3642-86c6-7131-b6a1-9b376c228111', '2024-01-10 12:00:00');

INSERT INTO auth_providers (auth_provider_id, account_id, provider, photo_url, provider_uid, provided_by, registered_at)
VALUES
('018e3642-86c6-7b98-a51c-e8c595bba418', '018e3642-86c6-77f0-82ea-e29a22f67431', 'email', '', '018e3642-86c6-77f0-82ea-e29a22f67431', 'firebase', '2024-01-10 12:00:00'),
('018e3642-86c6-743e-b0c1-3b43822bef7e', '018e3642-86c6-7c6c-8b1a-59fa0d0613e6', 'email', '', '018e3642-86c6-7c6c-8b1a-59fa0d0613e6', 'firebase', '2024-01-10 12:00:00'),
('018e3642-86c6-76ee-9786-aaa728d2435c', '018e3642-86c6-73c3-bec3-96f1a69a0278', 'email', '', '018e3642-86c6-73c3-bec3-96f1a69a0278', 'firebase', '2024-01-10 12:00:00'),
('018e3642-86c6-7404-a2ae-993e0b7fae7c', '018e3642-86c6-7f29-8eb6-89f301628694', 'email', '', '018e3642-86c6-7f29-8eb6-89f301628694', 'firebase', '2024-01-10 12:00:00'),
('018e3642-86c6-7651-a5dd-319a2424b1c1', '018e3642-86c6-7438-a439-e6f457a16d97', 'email', '', '018e3642-86c6-7438-a439-e6f457a16d97', 'firebase', '2024-01-10 12:00:00'),
('018e3642-86c6-74e4-be67-e3c04f6add44', '018e3642-86c6-78c2-9b95-78933a989d36', 'email', '', '018e3642-86c6-78c2-9b95-78933a989d36', 'firebase', '2024-01-10 12:00:00'),
('018e3642-86c6-7762-990b-ea2356a1c804', '018e3642-86c6-7131-b6a1-9b376c228111', 'email', '', '018e3642-86c6-7131-b6a1-9b376c228111', 'firebase', '2024-01-10 12:00:00');

INSERT INTO account_emails (account_email_id, account_id, email, created_at)
VALUES
('018e3642-86c6-7505-b799-c25099c0ff22', '018e3642-86c6-77f0-82ea-e29a22f67431', 'me_owner_leave_workspace@example.com', '2024-01-10 12:00:00'),
('018e3642-86c6-7e50-a483-25029b6bc5dd', '018e3642-86c6-7c6c-8b1a-59fa0d0613e6', 'me_admin_leave_workspace@example.com', '2024-01-10 12:00:00'),
('018e3642-86c6-7876-ae82-0d893a62761d', '018e3642-86c6-73c3-bec3-96f1a69a0278', 'me_member_leave_workspace@example.com', '2024-01-10 12:00:00'),
('018e3642-86c6-7ba4-b93a-90101741fac6', '018e3642-86c6-7f29-8eb6-89f301628694', 'me_guest_leave_workspace@example.com', '2024-01-10 12:00:00'),
('018e3642-86c6-7520-be50-3e79b25035bd', '018e3642-86c6-7438-a439-e6f457a16d97', 'make_member_leave_admin@example.com', '2024-01-10 12:00:00'),
('018e3642-86c6-78c1-acf8-0545a60ed1aa', '018e3642-86c6-78c2-9b95-78933a989d36', 'make_member_leave_member@example.com', '2024-01-10 12:00:00'),
('018e3642-86c6-744f-a160-f41658071506', '018e3642-86c6-7131-b6a1-9b376c228111', 'make_member_leave_guest@example.com', '2024-01-10 12:00:00');

INSERT INTO account_latest_emails (account_email_id, account_id)
VALUES
('018e3642-86c6-7505-b799-c25099c0ff22', '018e3642-86c6-77f0-82ea-e29a22f67431'),
('018e3642-86c6-7e50-a483-25029b6bc5dd', '018e3642-86c6-7c6c-8b1a-59fa0d0613e6'),
('018e3642-86c6-7876-ae82-0d893a62761d', '018e3642-86c6-73c3-bec3-96f1a69a0278'),
('018e3642-86c6-7ba4-b93a-90101741fac6', '018e3642-86c6-7f29-8eb6-89f301628694'),
('018e3642-86c6-7520-be50-3e79b25035bd', '018e3642-86c6-7438-a439-e6f457a16d97'),
('018e3642-86c6-78c1-acf8-0545a60ed1aa', '018e3642-86c6-78c2-9b95-78933a989d36'),
('018e3642-86c6-744f-a160-f41658071506', '018e3642-86c6-7131-b6a1-9b376c228111');

INSERT INTO account_names (account_name_id, account_id, name, created_at)
VALUES
('018e3642-86c6-7536-90b3-574555cb018d', '018e3642-86c6-77f0-82ea-e29a22f67431', 'LeaveWorkspace MeOwner', '2024-01-10 12:00:00'),
('018e3642-86c6-74ba-b43a-7d9462b8cf23', '018e3642-86c6-7c6c-8b1a-59fa0d0613e6', 'LeaveWorkspace MeAdmin', '2024-01-10 12:00:00'),
('018e3642-86c6-7069-aa92-5791077ca4a7', '018e3642-86c6-73c3-bec3-96f1a69a0278', 'LeaveWorkspace MeMember', '2024-01-10 12:00:00'),
('018e3642-86c6-753a-9c07-4e76234a18a8', '018e3642-86c6-7f29-8eb6-89f301628694', 'LeaveWorkspace MeGuest', '2024-01-10 12:00:00'),
('018e3642-86c6-7157-88da-aa412dea1404', '018e3642-86c6-7438-a439-e6f457a16d97', 'LeaveWorkspace MemberAdmin', '2024-01-10 12:00:00'),
('018e3642-86c6-7f73-9806-3a6465993a43', '018e3642-86c6-78c2-9b95-78933a989d36', 'LeaveWorkspace MemberMember', '2024-01-10 12:00:00'),
('018e3642-86c6-7b3e-8b3e-3b3e8b3e8b3e', '018e3642-86c6-7131-b6a1-9b376c228111', 'LeaveWorkspace MemberGuest', '2024-01-10 12:00:00');

INSERT INTO account_latest_names (account_name_id, account_id)
VALUES
('018e3642-86c6-7536-90b3-574555cb018d', '018e3642-86c6-77f0-82ea-e29a22f67431'),
('018e3642-86c6-74ba-b43a-7d9462b8cf23', '018e3642-86c6-7c6c-8b1a-59fa0d0613e6'),
('018e3642-86c6-7069-aa92-5791077ca4a7', '018e3642-86c6-73c3-bec3-96f1a69a0278'),
('018e3642-86c6-753a-9c07-4e76234a18a8', '018e3642-86c6-7f29-8eb6-89f301628694'),
('018e3642-86c6-7157-88da-aa412dea1404', '018e3642-86c6-7438-a439-e6f457a16d97'),
('018e3642-86c6-7f73-9806-3a6465993a43', '018e3642-86c6-78c2-9b95-78933a989d36'),
('018e3642-86c6-7b3e-8b3e-3b3e8b3e8b3e', '018e3642-86c6-7131-b6a1-9b376c228111');

INSERT INTO workspaces (workspace_id, created_at)
VALUES
('018e3642-86c6-7e74-b874-9c2835b2ce50', '2024-01-10 12:00:00');

INSERT INTO workspace_details (workspace_detail_id, workspace_id, name, subdomain, created_at)
VALUES
('018e3642-86c6-7776-978e-027dd444016a', '018e3642-86c6-7e74-b874-9c2835b2ce50', 'Leave Workspace', 'leave-workspace', '2024-01-10 12:00:00');

INSERT INTO workspace_latest_details (workspace_detail_id, workspace_id)
VALUES
('018e3642-86c6-7776-978e-027dd444016a', '018e3642-86c6-7e74-b874-9c2835b2ce50');

INSERT INTO members (member_id, account_id, workspace_id, created_at)
VALUES
('018e3642-86c6-7dd0-8e51-d5e742e262f8', '018e3642-86c6-77f0-82ea-e29a22f67431', '018e3642-86c6-7e74-b874-9c2835b2ce50', '2024-01-10 12:00:00'),
('018e3642-86c6-76da-a51f-05bb129508b6', '018e3642-86c6-7c6c-8b1a-59fa0d0613e6', '018e3642-86c6-7e74-b874-9c2835b2ce50', '2024-01-10 12:00:00'),
('018e3642-86c6-7cfc-b321-62d665d62c8b', '018e3642-86c6-73c3-bec3-96f1a69a0278', '018e3642-86c6-7e74-b874-9c2835b2ce50', '2024-01-10 12:00:00'),
('018e3642-86c6-7483-8c30-f017d34eed3a', '018e3642-86c6-7f29-8eb6-89f301628694', '018e3642-86c6-7e74-b874-9c2835b2ce50', '2024-01-10 12:00:00'),
('018e3642-86c6-7abd-97ba-5dcc27392b88', '018e3642-86c6-7438-a439-e6f457a16d97', '018e3642-86c6-7e74-b874-9c2835b2ce50', '2024-01-10 12:00:00'),
('018e3642-86c6-732a-b15a-8d2ee2641391', '018e3642-86c6-78c2-9b95-78933a989d36', '018e3642-86c6-7e74-b874-9c2835b2ce50', '2024-01-10 12:00:00'),
('018e3642-86c6-74fa-826d-c23a9e910e0e', '018e3642-86c6-7131-b6a1-9b376c228111', '018e3642-86c6-7e74-b874-9c2835b2ce50', '2024-01-10 12:00:00');

INSERT INTO member_roles (member_role_id, member_id, assigned_by, role, assigned_at)
VALUES
('018e3642-86c6-789f-8367-010d314f3bc9', '018e3642-86c6-7dd0-8e51-d5e742e262f8', '018e3642-86c6-7dd0-8e51-d5e742e262f8', 'owner', '2024-01-10 12:00:00'),
('018e3642-86c6-7b2d-9aec-435aba083d22', '018e3642-86c6-76da-a51f-05bb129508b6', '018e3642-86c6-76da-a51f-05bb129508b6', 'admin', '2024-01-10 12:00:00'),
('018e3642-86c6-72c2-b0cc-fc30b707680b', '018e3642-86c6-7cfc-b321-62d665d62c8b', '018e3642-86c6-7cfc-b321-62d665d62c8b', 'member', '2024-01-10 12:00:00'),
('018e3642-86c6-7a6e-b4c7-555439e7bc0d', '018e3642-86c6-7483-8c30-f017d34eed3a', '018e3642-86c6-7483-8c30-f017d34eed3a', 'guest', '2024-01-10 12:00:00'),
('018e3642-86c6-701b-89dd-a954c2388a90', '018e3642-86c6-7abd-97ba-5dcc27392b88', '018e3642-86c6-7abd-97ba-5dcc27392b88', 'admin', '2024-01-10 12:00:00'),
('018e3642-86c6-7c74-99fb-11be465a94dc', '018e3642-86c6-732a-b15a-8d2ee2641391', '018e3642-86c6-732a-b15a-8d2ee2641391', 'member', '2024-01-10 12:00:00'),
('018e3642-86c6-7cc7-a238-94f50beade13', '018e3642-86c6-74fa-826d-c23a9e910e0e', '018e3642-86c6-74fa-826d-c23a9e910e0e', 'guest', '2024-01-10 12:00:00');

INSERT INTO member_latest_roles (member_role_id, member_id)
VALUES
('018e3642-86c6-789f-8367-010d314f3bc9', '018e3642-86c6-7dd0-8e51-d5e742e262f8'),
('018e3642-86c6-7b2d-9aec-435aba083d22', '018e3642-86c6-76da-a51f-05bb129508b6'),
('018e3642-86c6-72c2-b0cc-fc30b707680b', '018e3642-86c6-7cfc-b321-62d665d62c8b'),
('018e3642-86c6-7a6e-b4c7-555439e7bc0d', '018e3642-86c6-7483-8c30-f017d34eed3a'),
('018e3642-86c6-701b-89dd-a954c2388a90', '018e3642-86c6-7abd-97ba-5dcc27392b88'),
('018e3642-86c6-7c74-99fb-11be465a94dc', '018e3642-86c6-732a-b15a-8d2ee2641391'),
('018e3642-86c6-7cc7-a238-94f50beade13', '018e3642-86c6-74fa-826d-c23a9e910e0e');

INSERT INTO member_login_histories (member_login_history_id, member_id, login_at)
VALUES
('018e3642-86c6-7a1a-9722-49017328ae29', '018e3642-86c6-7dd0-8e51-d5e742e262f8', '2024-01-10 12:00:00'),
('018e3642-86c6-7a85-b56a-c052ec969e59', '018e3642-86c6-76da-a51f-05bb129508b6', '2024-01-10 12:00:00'),
('018e3642-86c6-79a6-a629-b8f873080a89', '018e3642-86c6-7cfc-b321-62d665d62c8b', '2024-01-10 12:00:00'),
('018e3642-86c6-760d-a32b-8d650d2db850', '018e3642-86c6-7483-8c30-f017d34eed3a', '2024-01-10 12:00:00'),
('018e3642-86c6-7f46-aa09-b9857dbb3583', '018e3642-86c6-7abd-97ba-5dcc27392b88', '2024-01-10 12:00:00'),
('018e3642-86c6-767e-b839-f948d85d3e6e', '018e3642-86c6-732a-b15a-8d2ee2641391', '2024-01-10 12:00:00'),
('018e3642-86c6-7401-a567-375d0ca4db85', '018e3642-86c6-74fa-826d-c23a9e910e0e', '2024-01-10 12:00:00');

INSERT INTO member_latest_login_histories (member_login_history_id, member_id)
VALUES
('018e3642-86c6-7a1a-9722-49017328ae29', '018e3642-86c6-7dd0-8e51-d5e742e262f8'),
('018e3642-86c6-7a85-b56a-c052ec969e59', '018e3642-86c6-76da-a51f-05bb129508b6'),
('018e3642-86c6-79a6-a629-b8f873080a89', '018e3642-86c6-7cfc-b321-62d665d62c8b'),
('018e3642-86c6-760d-a32b-8d650d2db850', '018e3642-86c6-7483-8c30-f017d34eed3a'),
('018e3642-86c6-7f46-aa09-b9857dbb3583', '018e3642-86c6-7abd-97ba-5dcc27392b88'),
('018e3642-86c6-767e-b839-f948d85d3e6e', '018e3642-86c6-732a-b15a-8d2ee2641391'),
('018e3642-86c6-7401-a567-375d0ca4db85', '018e3642-86c6-74fa-826d-c23a9e910e0e');

INSERT INTO member_profiles (member_profile_id, member_id, member_id_number, display_name, bio, created_at)
VALUES
('018e3642-86c6-74de-8b75-d18a74849efa', '018e3642-86c6-7dd0-8e51-d5e742e262f8', 'DEV-54321', 'LeaveWorkspace MeOwner', 'bio', '2024-01-10 12:00:00'),
('018e3642-86c6-7ff2-9459-6976a2be92ed', '018e3642-86c6-76da-a51f-05bb129508b6', 'DEV-54321', 'LeaveWorkspace MeAdmin', 'bio', '2024-01-10 12:00:00'),
('018e3642-86c6-7e33-b456-93d9a318c88c', '018e3642-86c6-7cfc-b321-62d665d62c8b', 'DEV-54321', 'LeaveWorkspace MeMember', 'bio', '2024-01-10 12:00:00'),
('018e3642-86c6-7185-a559-6e95de4c72bc', '018e3642-86c6-7483-8c30-f017d34eed3a', 'DEV-54321', 'LeaveWorkspace MeGuest', 'bio', '2024-01-10 12:00:00'),
('018e3642-86c6-7d2c-8489-cb1f680c25f9', '018e3642-86c6-7abd-97ba-5dcc27392b88', 'DEV-54321', 'LeaveWorkspace MemberAdmin', 'bio', '2024-01-10 12:00:00'),
('018e3642-86c6-745f-afa1-4f43ad79f256', '018e3642-86c6-732a-b15a-8d2ee2641391', 'DEV-54322', 'LeaveWorkspace MemberMember', 'bio', '2024-01-10 12:00:00'),
('018e3642-86c6-7a1a-9722-49017328ae29', '018e3642-86c6-74fa-826d-c23a9e910e0e', 'DEV-54323', 'LeaveWorkspace MemberGuest', 'bio', '2024-01-10 12:00:00');

INSERT INTO member_latest_profiles (member_profile_id, member_id)
VALUES
('018e3642-86c6-74de-8b75-d18a74849efa', '018e3642-86c6-7dd0-8e51-d5e742e262f8'),
('018e3642-86c6-7ff2-9459-6976a2be92ed', '018e3642-86c6-76da-a51f-05bb129508b6'),
('018e3642-86c6-7e33-b456-93d9a318c88c', '018e3642-86c6-7cfc-b321-62d665d62c8b'),
('018e3642-86c6-7185-a559-6e95de4c72bc', '018e3642-86c6-7483-8c30-f017d34eed3a'),
('018e3642-86c6-7d2c-8489-cb1f680c25f9', '018e3642-86c6-7abd-97ba-5dcc27392b88'),
('018e3642-86c6-745f-afa1-4f43ad79f256', '018e3642-86c6-732a-b15a-8d2ee2641391'),
('018e3642-86c6-7a1a-9722-49017328ae29', '018e3642-86c6-74fa-826d-c23a9e910e0e');

INSERT INTO membership_events (membership_event_id, member_id, event_type, created_by, event_at)
VALUES
('018e3642-86c6-7178-84c8-06e36c2a4155', '018e3642-86c6-7dd0-8e51-d5e742e262f8', 'join', '018e3642-86c6-7dd0-8e51-d5e742e262f8', '2024-01-10 12:00:00'),
('018e3642-86c6-770d-9f3b-3d35ff3c1785', '018e3642-86c6-76da-a51f-05bb129508b6', 'join', '018e3642-86c6-76da-a51f-05bb129508b6', '2024-01-10 12:00:00'),
('018e3642-86c6-794f-961e-c41fb7f52e32', '018e3642-86c6-7cfc-b321-62d665d62c8b', 'join', '018e3642-86c6-7cfc-b321-62d665d62c8b', '2024-01-10 12:00:00'),
('018e3642-86c6-716e-aba1-7da1b6407dc8', '018e3642-86c6-7483-8c30-f017d34eed3a', 'join', '018e3642-86c6-7483-8c30-f017d34eed3a', '2024-01-10 12:00:00'),
('018e3642-86c6-7c73-a1a9-57112364d5a6', '018e3642-86c6-7abd-97ba-5dcc27392b88', 'join', '018e3642-86c6-7abd-97ba-5dcc27392b88', '2024-01-10 12:00:00'),
('018e3642-86c6-7922-a1fd-ada5db1eef11', '018e3642-86c6-732a-b15a-8d2ee2641391', 'join', '018e3642-86c6-732a-b15a-8d2ee2641391', '2024-01-10 12:00:00'),
('018e3642-86c6-78f1-a1f3-9510bb4903b5', '018e3642-86c6-74fa-826d-c23a9e910e0e', 'join', '018e3642-86c6-74fa-826d-c23a9e910e0e', '2024-01-10 12:00:00');

INSERT INTO latest_membership_events (membership_event_id, member_id)
VALUES
('018e3642-86c6-7178-84c8-06e36c2a4155', '018e3642-86c6-7dd0-8e51-d5e742e262f8'),
('018e3642-86c6-770d-9f3b-3d35ff3c1785', '018e3642-86c6-76da-a51f-05bb129508b6'),
('018e3642-86c6-794f-961e-c41fb7f52e32', '018e3642-86c6-7cfc-b321-62d665d62c8b'),
('018e3642-86c6-716e-aba1-7da1b6407dc8', '018e3642-86c6-7483-8c30-f017d34eed3a'),
('018e3642-86c6-7c73-a1a9-57112364d5a6', '018e3642-86c6-7abd-97ba-5dcc27392b88'),
('018e3642-86c6-7922-a1fd-ada5db1eef11', '018e3642-86c6-732a-b15a-8d2ee2641391'),
('018e3642-86c6-78f1-a1f3-9510bb4903b5', '018e3642-86c6-74fa-826d-c23a9e910e0e');
